0,김봉봉,난 사상검증했ㄲ는데,2025-02-14 00:54:21
0,클로마스터,윤석열 탄핵:double_exclamation_mark::double_exclamation_mark::double_exclamation_mark: 불법적으로 개험령 선포한 사람이야:double_exclamation_mark::double_exclamation_mark::double_exclamation_mark::double_exclamation_mark::double_exclamation_mark:,2025-02-14 00:54:22
0,박주성,계엄령은 대통령 권한인데 뭐가 불법인데? ㅋㅋㅋㅋ,2025-02-14 00:54:22
0,THE GAMER (원조),계엄령 뜻 좀 검색해보고와봐 ㅋㅋ,2025-02-14 00:54:23
0,유나현,전한길 선생님 최고입니다:thumbs_up::thumbs_up::thumbs_up:감사합니다,2025-02-14 00:54:24
0,김봉봉,멸공,2025-02-14 00:54:24
0,애플,일찍들,2025-02-14 00:54:24
0,J C,"변호사님들,최고입니다",2025-02-14 00:54:25
0,김봉봉,난 공산당이싫어요,2025-02-14 00:54:29
0,클로마스터,윤석열 탄핵:double_exclamation_mark::double_exclamation_mark::double_exclamation_mark: 불법적으로 개험령 선포한 사람이야:double_exclamation_mark::double_exclamation_mark::double_exclamation_mark::double_exclamation_mark::double_exclamation_mark:,2025-02-14 00:54:30
0,빛고트,ㅡㅡㅡㅡㅡ 전한길 과거동영상 한번 보세요 노사모 극좌파예요 가짭니다 전한길때매 분열됬다! 전목사님과함께 광화문에서 뭉칩시다ㅡㅡㅡㅡㅡㅡㅡㅡㅡㅡㅡㅡㅡㅡㅡ전한길 얘기 잘 함 들어봐라 저게 좌파지,2025-02-14 00:54:34
0,클로마스터,윤석열 탄핵:double_exclamation_mark::double_exclamation_mark::double_exclamation_mark: 불법적으로 개험령 선포한 사람이야:double_exclamation_mark::double_exclamation_mark::double_exclamation_mark::double_exclamation_mark::double_exclamation_mark:,2025-02-14 00:54:34
0,jm o,ㅡ 무법 ㅡ 무자격 ㅡ 헌재..공수처..선관위 ㅡ 강제해체 ..!!!!!!! ㅡㅡ 우리의 소중한 자유 :statue_of_liberty: 대한민국  필승..!! ㅡㅡ 멸공..!! ㅡㅡ,2025-02-14 00:54:34
0,기누설 천,노상원을시켜국민을 제주 4.3처럼킬링필드학살하려했는데 전한길은윤이억울하게 같혀있다고 선동중?ㅜㅜ뉴스보니 노상원통해 한국판 킬링필드대학살이 일어날뻔했는데 지식이란 사람이 이런윤떡렬을찬양하고 구치소에억울하게같혔다 ? 지식인이란 사람이최고 권력찬양 검찰이 내란우두머리라 기소한 윤을찬양 법치주의무시 윤부부ㆍ불법 ㆍ부패엔침묵 ㅉㅉㅉ,2025-02-14 00:54:35
0,청주,니들 집회가,2025-02-14 00:54:35
0, 𝒩𝑜𝓈𝓉𝒶𝓁𝑔𝒾𝒶 𝒦𝑒𝑒𝓅𝓈 𝒞𝒶𝓁𝓁𝒾𝓃𝑔 🗣🎙,눈 어지럽다 그만해 복붙,2025-02-14 00:54:36
0,THE GAMER (원조),저거 또 서울의봄 보고 계엄령이라 하는거 봐,2025-02-14 00:54:37
0,언제나꿀,참여수당 받고나오는 민노총 매국노들보다 자유시민들의 자발적 힘을보여줍시다!,2025-02-14 00:54:39
0,김봉봉,난 공산당과 윤석열독재세력이 싫어요,2025-02-14 00:54:39
0,J C,전선생님.정말고맙습니다,2025-02-14 00:54:39
0,클로마스터,윤석열 탄핵:double_exclamation_mark::double_exclamation_mark::double_exclamation_mark: 불법적으로 개험령 선포한 사람이야:double_exclamation_mark::double_exclamation_mark::double_exclamation_mark::double_exclamation_mark::double_exclamation_mark:,2025-02-14 00:54:41
0,박주성,1찍들아 ㅋㅋ 공산당이 좋으면 북한으로 가라,2025-02-14 00:54:42
0,애플,야동형배,2025-02-14 00:54:42
0,기누설 천,노상원을시켜국민을 제주 4.3처럼킬링필드학살하려했는데 전한길은윤이억울하게 같혀있다고 선동중?ㅜㅜ뉴스보니 노상원통해 한국판 킬링필드대학살이 일어날뻔했는데 지식이란 사람이 이런윤떡렬을찬양하고 구치소에억울하게같혔다 ? 지식인이란 사람이최고 권력찬양 검찰이 내란우두머리라 기소한 윤을찬양 법치주의무시 윤부부ㆍ불법 ㆍ부패엔침묵 ㅉㅉㅉ,2025-02-14 00:54:43
0,지훈이,이건 머 완전 좌파 우파 전쟁이야,2025-02-14 00:54:44
0,공명후손,사밥부 민주당 과 손잡아 나라밍쳐,2025-02-14 00:54:46
0,중국라이라TV,가자 !!!!!!!!,2025-02-14 00:54:47
0,Hyeonsik Park,수고에 감사합니다,2025-02-14 00:54:48
0,청주,부럽쥬,2025-02-14 00:54:50
0,애플,야동행배,2025-02-14 00:54:51
0,클로마스터,윤석열 탄핵:double_exclamation_mark::double_exclamation_mark::double_exclamation_mark: 불법적으로 개험령 선포한 사람이야:double_exclamation_mark::double_exclamation_mark::double_exclamation_mark::double_exclamation_mark::double_exclamation_mark:,2025-02-14 00:54:51
0,좌파아웃,일일술술풀리면다행인데그게안됨결국ccp중국공산당이지배하면우리가독립군이되어싸운다는얘기죠,2025-02-14 00:54:52
0,잘알랴줌,중국이 부정선거 개입 부정한다는 건... 일종의 거래다! (윤석열 대통령 탄핵 안 된다는 암묵적 거래다),2025-02-14 00:54:54
0,이금숙,윤석열 대통령님 복귀시켜야 합니다,2025-02-14 00:54:54
0,기누설 천,노상원을시켜국민을 제주 4.3처럼킬링필드학살하려했는데 전한길은윤이억울하게 같혀있다고 선동중?ㅜㅜ뉴스보니 노상원통해 한국판 킬링필드대학살이 일어날뻔했는데 지식이란 사람이 이런윤떡렬을찬양하고 구치소에억울하게같혔다 ? 지식인이란 사람이최고 권력찬양 검찰이 내란우두머리라 기소한 윤을찬양 법치주의무시 윤부부ㆍ불법 ㆍ부패엔침묵 ㅉㅉㅉ,2025-02-14 00:54:54
0,클로마스터,윤석열 탄핵:double_exclamation_mark::double_exclamation_mark::double_exclamation_mark: 불법적으로 개험령 선포한 사람이야:double_exclamation_mark::double_exclamation_mark::double_exclamation_mark::double_exclamation_mark::double_exclamation_mark:,2025-02-14 00:54:56
0,김봉봉,한길이처럼 아멘이라고해봐,2025-02-14 00:54:56
0,애플,딸딸이행배,2025-02-14 00:54:59
0,토리엄마,탄핵 ㄱ ㅐ탄핵 ㄱ ㅐ나 줘버려라,2025-02-14 00:55:00
0,클로마스터,윤석열 탄핵:double_exclamation_mark::double_exclamation_mark::double_exclamation_mark: 불법적으로 개험령 선포한 사람이야:double_exclamation_mark::double_exclamation_mark::double_exclamation_mark::double_exclamation_mark::double_exclamation_mark:,2025-02-14 00:55:01
0,김봉봉,한길이는 당당하게 크리스챤이라고 했자나,2025-02-14 00:55:04
0,잘알랴줌,중국이 부정선거 개입 부정한다는 건... 일종의 거래다! (윤석열 대통령 탄핵 안 된다는 암묵적 거래다),2025-02-14 00:55:05
0,잘알랴줌,중국이 부정선거 개입 부정한다는 건... 일종의 거래다! (윤석열 대통령 탄핵 안 된다는 암묵적 거래다),2025-02-14 00:55:06
0,윤슬25,불법적으로 계엄? 당신이 재판관?,2025-02-14 00:55:07
0,애플,딸딸이행배,2025-02-14 00:55:07
0,클로마스터,윤석열 탄핵:double_exclamation_mark::double_exclamation_mark::double_exclamation_mark: 불법적으로 개험령 선포한 사람이야:double_exclamation_mark::double_exclamation_mark::double_exclamation_mark::double_exclamation_mark::double_exclamation_mark:,2025-02-14 00:55:09
0,박주성,자유민주주의VS공산당,2025-02-14 00:55:10
0,기숙 신,없습니다.,2025-02-14 00:55:10
0,지훈이,좌파 우파가 절반씩 ,2025-02-14 00:55:11
0,애플,딸딸이행배,2025-02-14 00:55:14
0,클로마스터,윤석열 탄핵:double_exclamation_mark::double_exclamation_mark::double_exclamation_mark: 불법적으로 개험령 선포한 사람이야:double_exclamation_mark::double_exclamation_mark::double_exclamation_mark::double_exclamation_mark::double_exclamation_mark:,2025-02-14 00:55:15
0,잘알랴줌,중국이 부정선거 개입 부정한다는 건... 일종의 거래다! (윤석열 대통령 탄핵 안 된다는 암묵적 거래다),2025-02-14 00:55:16
0,빛고트,전한길때매 우파 망한다 분열한다ㅡㅡㅡㅡㅡㅡㅡㅡㅡㅡ,2025-02-14 00:55:17
0,기누설 천,노상원을시켜국민을 제주 4.3처럼킬링필드학살하려했는데 전한길은윤이억울하게 같혀있다고 선동중?ㅜㅜ뉴스보니 노상원통해 한국판 킬링필드대학살이 일어날뻔했는데 지식이란 사람이 이런윤떡렬을찬양하고 구치소에억울하게같혔다 ? 지식인이란 사람이최고 권력찬양 검찰이 내란우두머리라 기소한 윤을찬양 법치주의무시 윤부부ㆍ불법 ㆍ부패엔침묵 ㅉㅉㅉ,2025-02-14 00:55:18
0,지훈이,공산주의와 자유민주주의 내란혁명 전쟁:elbowcough:,2025-02-14 00:55:22
0,김봉봉,당당하게 사이비라고 밝혀라,2025-02-14 00:55:23
0,기누설 천,노상원을시켜국민을 제주 4.3처럼킬링필드학살하려했는데 전한길은윤이억울하게 같혀있다고 선동중?ㅜㅜ뉴스보니 노상원통해 한국판 킬링필드대학살이 일어날뻔했는데 지식이란 사람이 이런윤떡렬을찬양하고 구치소에억울하게같혔다 ? 지식인이란 사람이최고 권력찬양 검찰이 내란우두머리라 기소한 윤을찬양 법치주의무시 윤부부ㆍ불법 ㆍ부패엔침묵 ㅉㅉㅉ,2025-02-14 00:55:24
0,청주,부럽쥬,2025-02-14 00:55:24
0,little boy “boom” pet,2찍들 북한에서 안살게 열심히 교화중인거 안보임 ? ㅋㅋㅋ ,2025-02-14 00:55:24
0,좌파아웃,중국은미국을상대로전쟁을준비하고있고,2025-02-14 00:55:27
0,애플,야동행배,2025-02-14 00:55:28
0,김봉봉,난 중공도싫지만,2025-02-14 00:55:29
0,마크 마스터,윤석열 탄핵:double_exclamation_mark::double_exclamation_mark::double_exclamation_mark: 불법적으로 개험령 선포한 사람이야:double_exclamation_mark::double_exclamation_mark::double_exclamation_mark::double_exclamation_mark::double_exclamation_mark:,2025-02-14 00:55:30
0,Unn Flash,ㅋㅋㅋㅋㅋㅋㅋㅋㅋㅋㅋㅋㅋㅋㅋㅋㅋㅋㅋㅋㅋㅋㅋㅋ,2025-02-14 00:55:31
0,Unn Flash,ㅈㄴ 웃긴다 ㅋㅋㅋㅋ,2025-02-14 00:55:37
0,애플,야동행배,2025-02-14 00:55:37
0,좌파아웃,한국은수단으로쓸겁니다,2025-02-14 00:55:38
0,지훈이,아니 나라가 어떻게 이지경까지….,2025-02-14 00:55:38
0,마크 마스터,윤석열 탄핵:double_exclamation_mark::double_exclamation_mark::double_exclamation_mark: 불법적으로 개험령 선포한 사람이야:double_exclamation_mark::double_exclamation_mark::double_exclamation_mark::double_exclamation_mark::double_exclamation_mark:,2025-02-14 00:55:40
0,이연주,나라돈이 니돈이냐,2025-02-14 00:55:40
0,문과니,계엄해서 피해봤나? 이재명이 국가에 사회적피해가더크다 나라팔아먹을지 어떻게알아,2025-02-14 00:55:41
0,J C,"클로마스트,말함부록하지마라.클로마스티ㅡ",2025-02-14 00:55:42
0,기누설 천,노상원을시켜국민을 제주 4.3처럼킬링필드학살하려했는데 전한길은윤이억울하게 같혀있다고 선동중?ㅜㅜ뉴스보니 노상원통해 한국판 킬링필드대학살이 일어날뻔했는데 지식이란 사람이 이런윤떡렬을찬양하고 구치소에억울하게같혔다 ? 지식인이란 사람이최고 권력찬양 검찰이 내란우두머리라 기소한 윤을찬양 법치주의무시 윤부부ㆍ불법 ㆍ부패엔침묵 ㅉㅉㅉ,2025-02-14 00:55:43
0,김봉봉,너네 전부 교회다닌댜,2025-02-14 00:55:44
0,유나현,윤석열 대통령님 복귀 되어야 합니다,2025-02-14 00:55:47
0,Unn Flash,무슨 웅변대회 나옴? ㅋㅋㅋㅋㅋㅋㅋㅋㅋㅋㅋㅋㅋㅋㅋㅋㅋㅋㅋㅋㅋㅋㅋㅋㅋㅋㅋㅋㅋㅋㅋㅋㅋㅋㅋㅋㅋㅋㅋㅋㅋㅋ,2025-02-14 00:55:47
0,기누설 천,노상원을시켜국민을 제주 4.3처럼킬링필드학살하려했는데 전한길은윤이억울하게 같혀있다고 선동중?ㅜㅜ뉴스보니 노상원통해 한국판 킬링필드대학살이 일어날뻔했는데 지식이란 사람이 이런윤떡렬을찬양하고 구치소에억울하게같혔다 ? 지식인이란 사람이최고 권력찬양 검찰이 내란우두머리라 기소한 윤을찬양 법치주의무시 윤부부ㆍ불법 ㆍ부패엔침묵 ㅉㅉㅉ,2025-02-14 00:55:48
0,마크 마스터,윤석열 탄핵:double_exclamation_mark::double_exclamation_mark::double_exclamation_mark: 불법적으로 개험령 선포한 사람이야:double_exclamation_mark::double_exclamation_mark::double_exclamation_mark::double_exclamation_mark::double_exclamation_mark:,2025-02-14 00:55:50
0,민서 김,형배를 헌재에서 쫓아내야한다 N번방으로,2025-02-14 00:55:50
0,TKTRKT RLA,MBC 철거 오마이 철거 ,2025-02-14 00:55:51
0,임정숙,크크긱 너도 그냥 중국으로 가라,2025-02-14 00:55:51
0,애플,딸딸이 행배,2025-02-14 00:55:51
0,Unn Flash,캬캬캬캬캬캬캬캬캬컄,2025-02-14 00:55:52
0,기숙 신,전한길쌤 최고 난새에 영웅입니다.,2025-02-14 00:55:52
0,jm o,ㅡ 클로마스터 .. ??! ㅡㅡ 중공인..화교...화상인.?! ㅡㅡ 멸공..!! ㅡㅡ,2025-02-14 00:55:53
0,기누설 천,노상원을시켜국민을 제주 4.3처럼킬링필드학살하려했는데 전한길은윤이억울하게 같혀있다고 선동중?ㅜㅜ뉴스보니 노상원통해 한국판 킬링필드대학살이 일어날뻔했는데 지식이란 사람이 이런윤떡렬을찬양하고 구치소에억울하게같혔다 ? 지식인이란 사람이최고 권력찬양 검찰이 내란우두머리라 기소한 윤을찬양 법치주의무시 윤부부ㆍ불법 ㆍ부패엔침묵 ㅉㅉㅉ,2025-02-14 00:55:53
0,윤슬25,홍장원 곽종근 수사하리ㅣ,2025-02-14 00:55:55
0,hdong,봉봉이 똥오줌 못가리는 애들이지만 좀더 커서 오거라!~,2025-02-14 00:55:57
0,마크 마스터,윤석열 탄핵:double_exclamation_mark::double_exclamation_mark::double_exclamation_mark: 불법적으로 개험령 선포한 사람이야:double_exclamation_mark::double_exclamation_mark::double_exclamation_mark::double_exclamation_mark::double_exclamation_mark:,2025-02-14 00:55:58
0,김준호,기나저나 조만간 또람뿌한테 미군 사용 후불 영수증 날아올텐대 애국보수 자유시민 극우 애들은 어케 매꾸려구 요러지,2025-02-14 00:55:58
0,잘알랴줌,중국이 부정선거 개입 부정한다는 건... 일종의 거래다! (윤석열 대통령 탄핵 안 된다는 암묵적 거래다),2025-02-14 00:55:59
0,니무라¿,야동행배 같이보자. ㅋㅋ,2025-02-14 00:56:00
0,기누설 천,노상원을시켜국민을 제주 4.3처럼킬링필드학살하려했는데 전한길은윤이억울하게 같혀있다고 선동중?ㅜㅜ뉴스보니 노상원통해 한국판 킬링필드대학살이 일어날뻔했는데 지식이란 사람이 이런윤떡렬을찬양하고 구치소에억울하게같혔다 ? 지식인이란 사람이최고 권력찬양 검찰이 내란우두머리라 기소한 윤을찬양 법치주의무시 윤부부ㆍ불법 ㆍ부패엔침묵 ㅉㅉㅉ,2025-02-14 00:56:00
0,빛고트,ㅡㅡㅡㅡㅡ 전한길 과거동영상 한번 보세요 노사모 극좌파예요 가짭니다 전한길때매 분열됬다! 전목사님과함께 광화문에서 뭉칩시다ㅡㅡㅡㅡㅡㅡㅡㅡㅡㅡㅡㅡㅡㅡㅡ전한길 얘기 잘 함 들어봐라 저게 좌파지,2025-02-14 00:56:01
0,애플,딸딸이행배,2025-02-14 00:56:02
0,Unn Flash,ㅈㄴ 븀상이 같다 ㅋㅋㅋㅋㅋㅋㅋㅋㅋㅋㅋㅋㅋㅋㅋㅋㅋㅋㅋㅋㅋㅋㅋㅋㅋㅋㅋㅋㅋㅋ,2025-02-14 00:56:03
0,김봉봉,처단하자,2025-02-14 00:56:03
0,지훈이,야 그냥 좌파 우파 싸우자,2025-02-14 00:56:04
0,이연주,윤석열대통령님 복귀하셔야합니디,2025-02-14 00:56:09
0,여진 윤,윤대통령님을 석방하라,2025-02-14 00:56:09
0,Unn Flash,아 개웃겨 ㅋㅋㅋㅋㅋ,2025-02-14 00:56:09
0,little boy “boom” pet,용변대회 수준 입으로 배설중 ㅋㅋㅋ,2025-02-14 00:56:10
0,Unn Flash,웅변대회나 나가라 ㅋㅋㅋㅋㅋㅋ,2025-02-14 00:56:13
0,애플,딸딸이 행배,2025-02-14 00:56:14
0,J C,"마크마스트,조심해서.말해라",2025-02-14 00:56:14
0,잘알랴줌,중국이 부정선거 개입 부정한다는 건... 일종의 거래다! (윤석열 대통령 탄핵 안 된다는 암묵적 거래다),2025-02-14 00:56:16
0,문과니,박범개 수사하라,2025-02-14 00:56:17
0,Unn Flash,아 ㅋㅋㅋㅋㅋㅋ,2025-02-14 00:56:17
0,이금숙,윤석열 대통령님 복귀되야 합니다,2025-02-14 00:56:18
0, 𝒩𝑜𝓈𝓉𝒶𝓁𝑔𝒾𝒶 𝒦𝑒𝑒𝓅𝓈 𝒞𝒶𝓁𝓁𝒾𝓃𝑔 🗣🎙,콜로마스타 및 마크 마스타 전면차단 (계획적 복붙,2025-02-14 00:56:19
0,기누설 천,노상원을시켜국민을 제주 4.3처럼킬링필드학살하려했는데 전한길은윤이억울하게 같혀있다고 선동중?ㅜㅜ뉴스보니 노상원통해 한국판 킬링필드대학살이 일어날뻔했는데 지식이란 사람이 이런윤떡렬을찬양하고 구치소에억울하게같혔다 ? 지식인이란 사람이최고 권력찬양 검찰이 내란우두머리라 기소한 윤을찬양 법치주의무시 윤부부ㆍ불법 ㆍ부패엔침묵 ㅉㅉㅉ,2025-02-14 00:56:19
0,애플,야동행배,2025-02-14 00:56:20
0,윤슬25,홍장원 곽종근 수사,2025-02-14 00:56:22
0,김민수,쪽수도 안되는것들이 싸우잔다 ㅋ,2025-02-14 00:56:24
0,Unn Flash,아 개웃겨 ㅋㅋㅋㅋㅋㅋㅋㅋㅋㅋ,2025-02-14 00:56:25
0,행복,국민변호인단 화이팅입니다,2025-02-14 00:56:26
0,MS,윤석령만세,2025-02-14 00:56:28
0,애플,야동중독 행배,2025-02-14 00:56:28
0,니무라¿,2030 이 나라의 주인이다,2025-02-14 00:56:31
0,공명후손,대통령 석방히라 . ,2025-02-14 00:56:32
0,J C,선생님.최고입니다,2025-02-14 00:56:32
0,혜진 정,분탕지루아웃,2025-02-14 00:56:32
0,청주,한길쌤 건딜면 디ㅇ,2025-02-14 00:56:33
0,김봉봉,너네 구약다 외우냐,2025-02-14 00:56:34
0,신상기,대통령 만세,2025-02-14 00:56:35
0,마크 마스터,윤석열 탄핵:double_exclamation_mark::double_exclamation_mark::double_exclamation_mark: 불법적으로 개험령 선포한 사람이야:double_exclamation_mark::double_exclamation_mark::double_exclamation_mark::double_exclamation_mark::double_exclamation_mark:,2025-02-14 00:56:36
0,애플,딸딸이행배,2025-02-14 00:56:37
0,기누설 천,관상은 과학이라더니:face-red-droopy-eyes:,2025-02-14 00:56:37
0,혜진 정,분탕자 아웃,2025-02-14 00:56:37
0,김봉봉,김건희는 구약다 외운다던데,2025-02-14 00:56:37
0,지훈이,좌파 우파 한번 내란 전쟁나야 정신차리지,2025-02-14 00:56:37
0,kkk,대통령의 권한도 모르냐.,2025-02-14 00:56:39
0,김봉봉,김건희 대단하다,2025-02-14 00:56:40
0,Unn Flash,60년대 웅변대회야? ㅋㅋㅋㅋㅋㅋㅋㅋㅋㅋㅋㅋㅋㅋㅋㅋㅋㅋㅋㅋㅋㅋㅋㅋㅋㅋㅋㅋㅋㅋㅋㅋㅋㅋㅋㅋㅋㅋㅋㅋㅋㅋㅋㅋㅋㅋㅋㅋ,2025-02-14 00:56:41
0,기누설 천,노상원을시켜국민을 제주 4.3처럼킬링필드학살하려했는데 전한길은윤이억울하게 같혀있다고 선동중?ㅜㅜ뉴스보니 노상원통해 한국판 킬링필드대학살이 일어날뻔했는데 지식이란 사람이 이런윤떡렬을찬양하고 구치소에억울하게같혔다 ? 지식인이란 사람이최고 권력찬양 검찰이 내란우두머리라 기소한 윤을찬양 법치주의무시 윤부부ㆍ불법 ㆍ부패엔침묵 ㅉㅉㅉ,2025-02-14 00:56:41
0,잘알랴줌,중국이 공식적으로 부정선거 개입 부정한다는 건... 일종의 거래다! (윤석열 대통령 탄핵 안 된다는 암묵적 거래다),2025-02-14 00:56:45
0,애플,딸딸이 행배,2025-02-14 00:56:46
0,행복,전한길강사님 최고,2025-02-14 00:56:47
0,좌파아웃,예수님의사람 한쌤,2025-02-14 00:56:47
0,Unn Flash,아 ㅋㅋㅋㅋㅋㅋㅋㅋㅋㅋㅋㅋㅋㅋㅋㅋㅋㅋㅋㅋ,2025-02-14 00:56:48
0,기숙 신,윤석열 대통령 석방하라.,2025-02-14 00:56:48
0,Ccc,윤석열 탄핵:double_exclamation_mark:,2025-02-14 00:56:49
0,지훈이,아니 좌파 우파 한번 내란 전쟁나야 정신차리지,2025-02-14 00:56:51
0,Unn Flash,말도 ㅈㄴ 못하네 ㅋㅋㅋㅋㅋㅋㅋ,2025-02-14 00:56:51
0,유나현,애국자이신 전선생님 건강 잘 챙기시길 바랍니다,2025-02-14 00:56:51
0,Ccc,윤석열 탄핵:double_exclamation_mark:,2025-02-14 00:56:52
0,애플,손목행배,2025-02-14 00:56:52
0,J C,2030여러분.정말.고맙습니다,2025-02-14 00:56:53
0,잘알랴줌,중국이 공식적으로 부정선거 개입 부정한다는 건... 일종의 거래다! (윤석열 대통령 탄핵 안 된다는 암묵적 거래다),2025-02-14 00:56:53
0,Ccc,윤석열 탄핵:double_exclamation_mark:,2025-02-14 00:56:54
0,Ccc,윤석열 탄핵:double_exclamation_mark:,2025-02-14 00:56:57
0,Ccc,윤석열 탄핵:double_exclamation_mark:,2025-02-14 00:57:00
0,Unn Flash,ㅋㅋㅋㅋㅋㅋㅋㅋㅋㅋㅋㅋㅋㅋㅋㅋㅋㅋㅋㅋㅋㅋㅋㅋㅋㅋㅋㅋㅋㅋㅋㅋ,2025-02-14 00:57:00
0,애플,딸딸이행배,2025-02-14 00:57:00
0,김봉봉,말좀해봐,2025-02-14 00:57:00
0,윤슬25,좌파들 부럽지?,2025-02-14 00:57:01
0,빛고트,전한길 아웃이키고 광화문으로 모이십시다ㅡㅡㅡㅡㅡㅡㅡㅡㅡㅡ,2025-02-14 00:57:02
0,임정숙,봉봉이 야는 그냥 따까리네,2025-02-14 00:57:03
0,행복한사람,전한길님 감사합니다 추운날씨에도 나라를사랑하므로 애쓰는게 넘고맙고 미안합니다 이나라 굳건하게세워져야합니다,2025-02-14 00:57:03
0,혜진 정,대한민국  만세,2025-02-14 00:57:04
0,Ccc,윤석열 탄핵:double_exclamation_mark:,2025-02-14 00:57:04
0,기누설 천,:face-purple-crying:관상은 과학이라던데 토나온다:face-red-droopy-eyes:,2025-02-14 00:57:05
0,Unn Flash,아 누머 웃ㄱ뎌 ㅋㅋㅋㅋㅋㅋㅋㅋ,2025-02-14 00:57:05
0,지훈이,아니 좌파 우파 한번 내란 전쟁나야 정신차리지,2025-02-14 00:57:06
0,마크 마스터,윤석열 탄핵:double_exclamation_mark::double_exclamation_mark::double_exclamation_mark:,2025-02-14 00:57:08
0,Unn Flash,ㅈㄴ 웃기네 ㅋㅋㅋㅋㅋㅋㅋㅋㅋㅋㅋㅋㅋㅋㅋㅋㅋㅋㅋㅋㅋㅋㅋㅋㅋㅋㅋㅋㅋㅋㅋㅋㅋㅋㅋ,2025-02-14 00:57:10
0,좌파아웃,뱀아물러가라 :snake: :snake: :snake:,2025-02-14 00:57:10
0,공명후손,전라도 반성하라. 정신차려하,2025-02-14 00:57:11
0,Ccc,윤석열 탄핵:double_exclamation_mark:,2025-02-14 00:57:12
0,마크 마스터,윤석열 탄핵:double_exclamation_mark::double_exclamation_mark::double_exclamation_mark:,2025-02-14 00:57:12
0,지훈이,아니 좌파 우파 한번 내란 전쟁나야 정신차리지,2025-02-14 00:57:13
0,Ccc,윤석열 탄핵:double_exclamation_mark:,2025-02-14 00:57:17
0,기누설 천,노상원을시켜국민을 제주 4.3처럼킬링필드학살하려했는데 전한길은윤이억울하게 같혀있다고 선동중?ㅜㅜ뉴스보니 노상원통해 한국판 킬링필드대학살이 일어날뻔했는데 지식이란 사람이 이런윤떡렬을찬양하고 구치소에억울하게같혔다 ? 지식인이란 사람이최고 권력찬양 검찰이 내란우두머리라 기소한 윤을찬양 법치주의무시 윤부부ㆍ불법 ㆍ부패엔침묵 ㅉㅉㅉ,2025-02-14 00:57:17
0,박주성,부정선거도 밝히자 ㅋㅋㅋ,2025-02-14 00:57:17
0,좌파아웃,루시퍼의제자야물러가라,2025-02-14 00:57:19
0,Ccc,윤석열 탄핵:double_exclamation_mark:,2025-02-14 00:57:20
0,기누설 천,노상원을시켜국민을 제주 4.3처럼킬링필드학살하려했는데 전한길은윤이억울하게 같혀있다고 선동중?ㅜㅜ뉴스보니 노상원통해 한국판 킬링필드대학살이 일어날뻔했는데 지식이란 사람이 이런윤떡렬을찬양하고 구치소에억울하게같혔다 ? 지식인이란 사람이최고 권력찬양 검찰이 내란우두머리라 기소한 윤을찬양 법치주의무시 윤부부ㆍ불법 ㆍ부패엔침묵 ㅉㅉㅉ,2025-02-14 00:57:21
0,마크 마스터,윤석열 탄핵:double_exclamation_mark::double_exclamation_mark::double_exclamation_mark:,2025-02-14 00:57:22
0,김봉봉,15만명이면 신천지+통일교 딱 인원수 맞네,2025-02-14 00:57:22
0,Ccc,윤석열 탄핵:double_exclamation_mark:,2025-02-14 00:57:22
0,Unn Flash,웅변대회도 저렇게 하면 예선 탈락이야 ㅋㅋㅋㅋㅋㅋㅋㅋㅋㅋㅋㅋㅋㅋㅋㅋㅋㅋㅋㅋㅋㅋㅋㅋㅋㅋㅋㅋㅋㅋㅋㅋㅋㅋㅋㅋ,2025-02-14 00:57:23
0,윤슬25,친중아웃,2025-02-14 00:57:23
0,김현,진짜 우파좌파 싸우면 큰일이다,2025-02-14 00:57:24
0,Ccc,윤석열 탄핵:double_exclamation_mark:,2025-02-14 00:57:26
0,기누설 천,노상원을시켜국민을 제주 4.3처럼킬링필드학살하려했는데 전한길은윤이억울하게 같혀있다고 선동중?ㅜㅜ뉴스보니 노상원통해 한국판 킬링필드대학살이 일어날뻔했는데 지식이란 사람이 이런윤떡렬을찬양하고 구치소에억울하게같혔다 ? 지식인이란 사람이최고 권력찬양 검찰이 내란우두머리라 기소한 윤을찬양 법치주의무시 윤부부ㆍ불법 ㆍ부패엔침묵 ㅉㅉㅉ,2025-02-14 00:57:26
0,Ccc,윤석열 탄핵:double_exclamation_mark:,2025-02-14 00:57:28
0,애플,찢을 고사포,2025-02-14 00:57:29
0,기누설 천,노상원을시켜국민을 제주 4.3처럼킬링필드학살하려했는데 전한길은윤이억울하게 같혀있다고 선동중?ㅜㅜ뉴스보니 노상원통해 한국판 킬링필드대학살이 일어날뻔했는데 지식이란 사람이 이런윤떡렬을찬양하고 구치소에억울하게같혔다 ? 지식인이란 사람이최고 권력찬양 검찰이 내란우두머리라 기소한 윤을찬양 법치주의무시 윤부부ㆍ불법 ㆍ부패엔침묵 ㅉㅉㅉ,2025-02-14 00:57:30
0,잘알랴줌,트럼프가 먼저 카드 쓸까봐... 중국이 선수친거다... 그래서 탄핵은 불발된다.,2025-02-14 00:57:31
0,Ccc,윤석열 탄핵:double_exclamation_mark:,2025-02-14 00:57:31
0,Unn Flash,아 개웃겨 ㅋㅋㅋㅋㅋㅋㅋㅋㅋㅋㅋㅋㅋㅋㅋㅋㅋㅋㅋㅋㅋㅋㅋㅋㅋㅋㅋㅋㅋㅋ,2025-02-14 00:57:33
0,기누설 천,노상원을시켜국민을 제주 4.3처럼킬링필드학살하려했는데 전한길은윤이억울하게 같혀있다고 선동중?ㅜㅜ뉴스보니 노상원통해 한국판 킬링필드대학살이 일어날뻔했는데 지식이란 사람이 이런윤떡렬을찬양하고 구치소에억울하게같혔다 ? 지식인이란 사람이최고 권력찬양 검찰이 내란우두머리라 기소한 윤을찬양 법치주의무시 윤부부ㆍ불법 ㆍ부패엔침묵 ㅉㅉㅉ,2025-02-14 00:57:34
0,지훈이,아니 좌파 우파 한번 내란 전쟁 해야 될거 같아,2025-02-14 00:57:34
0,Ccc,윤석열 탄핵:double_exclamation_mark:,2025-02-14 00:57:34
0,김봉봉,혀를찬다,2025-02-14 00:57:35
0,애플,찢고사포,2025-02-14 00:57:36
0,김봉봉,ㅋㅋㅋ,2025-02-14 00:57:36
0,크크킥,윤석열 탄핵:double_exclamation_mark::double_exclamation_mark::double_exclamation_mark:,2025-02-14 00:57:37
0,지훈이,아니 좌파 우파 한번 내란 전쟁 해야 될거 같아,2025-02-14 00:57:37
0,잘알랴줌,트럼프가 먼저 카드 쓸까봐... 중국이 선수친거다... 그래서 탄핵은 불발된다.,2025-02-14 00:57:37
0,Ccc,윤석열 탄핵:double_exclamation_mark:,2025-02-14 00:57:37
0,빛고트,ㅡㅡㅡㅡㅡ 전한길 과거동영상 한번 보세요 노사모 극좌파예요 가짭니다 전한길때매 분열됬다! 전목사님과함께 광화문에서 뭉칩시다ㅡㅡㅡㅡㅡㅡㅡㅡㅡㅡㅡㅡㅡㅡㅡ전한길 얘기 잘 함 들어봐라 저게 좌파지,2025-02-14 00:57:37
0,Unn Flash,저거 뭐야 ㅋㅋㅋㅋㅋㅋㅋㅋㅋㅋㅋㅋㅋㅋㅋㅋㅋㅋ,2025-02-14 00:57:38
0,Ccc,윤석열 탄핵:double_exclamation_mark:,2025-02-14 00:57:43
0,크크킥,윤석열 탄핵:double_exclamation_mark::double_exclamation_mark::double_exclamation_mark:,2025-02-14 00:57:43
0,지훈이,아니 좌파 우파 한번 내란 전쟁 해야 될거 같아,2025-02-14 00:57:43
0,Cherry 90,윤석열만큼 정직한 대통 없다,2025-02-14 00:57:44
0,김봉봉,종교검증하라고,2025-02-14 00:57:45
0,J C,ccc.니가탄핵하라,2025-02-14 00:57:46
0,Ccc,윤석열 탄핵:double_exclamation_mark:,2025-02-14 00:57:46
0,Unn Flash,아 웃겼다 ㅋㅋㅋ,2025-02-14 00:57:46
0,김민수,못했으니깐 탄핵당하지 잘했어봐 탄핵이 아니라 상을주지,2025-02-14 00:57:46
0,잘알랴줌,트럼프가 먼저 카드 쓸까봐... 중국이 선수친거다... 그래서 탄핵은 불발된다.,2025-02-14 00:57:47
0,혜진 정, 대한민국 만세 한미동행 만세!!!,2025-02-14 00:57:48
0,Ccc,윤석열 탄핵:double_exclamation_mark:,2025-02-14 00:57:49
0,이금숙,윤석열 대통령님 복귀되야합니다,2025-02-14 00:57:49
0,크크킥,윤석열 탄핵:double_exclamation_mark::double_exclamation_mark::double_exclamation_mark:,2025-02-14 00:57:51
0,성 화,Ccc 윤석열 탄핵안되니깐 기본소득 25만원 배급은 꿈깨라1찍 기초수급자야 ㅋㅋㅋㅋㅋㅋㅋ,2025-02-14 00:57:51
0,윤슬25,한국은 중국 영향력 확장의 최전선,2025-02-14 00:57:51
0,혜진 정, 대한민국 만세 한미동행 만세!!!,2025-02-14 00:57:52
0,Ccc,윤석열 탄핵:double_exclamation_mark:,2025-02-14 00:57:54
0,좌파아웃,뱀아물러가라,2025-02-14 00:57:55
0,잘알랴줌,트럼프가 먼저 카드 쓸까봐... 중국이 선수친거다... 그래서 탄핵은 불발된다.,2025-02-14 00:57:55
0,지훈이,한국내란 전쟁 가즈아,2025-02-14 00:57:56
0,크크킥,윤석열 탄핵:double_exclamation_mark::double_exclamation_mark::double_exclamation_mark:,2025-02-14 00:57:57
0,little boy “boom” pet,우파가 아니라 이런건 미쳤다고 하는거지 ,2025-02-14 00:57:57
0,청주,전쟁에서 우린 이긴다,2025-02-14 00:57:58
0,크크킥,윤석열 탄핵:double_exclamation_mark::double_exclamation_mark::double_exclamation_mark:,2025-02-14 00:58:00
0,기누설 천,노상원을시켜국민을 제주 4.3처럼킬링필드학살하려했는데 윤이억울하게 같혀있다고 선동중?ㅜㅜ뉴스보니 노상원통해 한국판 킬링필드대학살이 일어날뻔했는데 지식이란 사람이 이런윤떡렬을찬양하고 구치소에억울하게같혔다 ? 지식인이란 사람이최고 권력찬양 검찰이 내란우두머리라 기소한 윤을찬양 법치주의무시 윤부부ㆍ불법 ㆍ부패엔침묵 ㅉㅉㅉ,2025-02-14 00:58:00
0,Unn Flash,ㅋㅋㅋㅋㅋㅋㅋㅋㅋㅋㅋㅋㅋㅋㅋㅋㅋㅋㅋㅋㅋㅋㅋㅋㅋㅋㅋㅋㅋㅋㅋㅋㅋㅋㅋㅋㅋㅋㅋㅋㅋ,2025-02-14 00:58:00
0,김봉봉,난 중공이 싫어,2025-02-14 00:58:01
0,좌파아웃,:snake: :snake: :snake:,2025-02-14 00:58:03
0,혜진 정, 대한민국 만세 한미동행 만세!!!,2025-02-14 00:58:04
0,기누설 천,노상원을시켜국민을 제주 4.3처럼킬링필드학살하려했는데 윤이억울하게 같혀있다고 선동중?ㅜㅜ뉴스보니 노상원통해 한국판 킬링필드대학살이 일어날뻔했는데 지식이란 사람이 이런윤떡렬을찬양하고 구치소에억울하게같혔다 ? 지식인이란 사람이최고 권력찬양 검찰이 내란우두머리라 기소한 윤을찬양 법치주의무시 윤부부ㆍ불법 ㆍ부패엔침묵 ㅉㅉㅉ,2025-02-14 00:58:05
0,여진 윤,부정선거해체하라,2025-02-14 00:58:05
0,Unn Flash,ㅈㄴ 웃기네 ㅋㅋㅋㅋㅋㅋㅋㅋㅋㅋㅋㅋㅋㅋㅋㅋㅋㅋㅋㅋㅋㅋㅋㅋㅋㅋㅋㅋㅋㅋㅋㅋㅋㅋㅋㅋㅋㅋㅋㅋㅋㅋ,2025-02-14 00:58:08
0,산이,영혼이 맑은 한길쌤 그옳곧으신 신념으로 우리 후세들을 위하여 바른 교육의 길잡이가 될수 있으리라 믿습니다 교육부 장관감으로 그 역량이 차고넘칩니다,2025-02-14 00:58:08
0,김민수,국방부장관이 국헌물란의 지시를 따르는데,2025-02-14 00:58:09
0,기누설 천,노상원을시켜국민을 제주 4.3처럼킬링필드학살하려했는데 윤이억울하게 같혀있다고 선동중?ㅜㅜ뉴스보니 노상원통해 한국판 킬링필드대학살이 일어날뻔했는데 지식이란 사람이 이런윤떡렬을찬양하고 구치소에억울하게같혔다 ? 지식인이란 사람이최고 권력찬양 검찰이 내란우두머리라 기소한 윤을찬양 법치주의무시 윤부부ㆍ불법 ㆍ부패엔침묵 ㅉㅉㅉ,2025-02-14 00:58:09
0,little boy “boom” pet,쥴리 : 극우 미쳤어 ,2025-02-14 00:58:11
0,행복한사람,탄핵왜해야하냐 나라없이 살고싶은가 우린나라있는 국민이고싶다!,2025-02-14 00:58:11
0,jagjbe,봉봉아 웬 궤변?,2025-02-14 00:58:13
0,혜진 정, 대한민국 만세 한미동행 만세!!!,2025-02-14 00:58:14
0,클로마스터,윤석열 탄핵:double_exclamation_mark::double_exclamation_mark::double_exclamation_mark:,2025-02-14 00:58:14
0,지훈이,한국 좌파 우파 내란 전쟁 가즈아,2025-02-14 00:58:15
0,Mosii Na,보수와 억지를 착각하지마라,2025-02-14 00:58:15
0,Unn Flash,저거 뭔데 ㅋ? ㅋㅋㅋㅋㅋㅋㅋㅋㅋㅋㅋㅋㅋㅋㅋㅋㅋㅋㅋㅋㅋㅋㅋㅋㅋㅋㅋㅋㅋㅋㅋㅋㅋㅋㅋㅋㅋㅋㅋ,2025-02-14 00:58:16
0,hee,윤석열 복귀,2025-02-14 00:58:16
0,윤슬25,반중,2025-02-14 00:58:16
0,성 화,8차변론까지 나온결과 탄핵은 절대 불가능이다 ㅋ,2025-02-14 00:58:17
0,J C,크크킥.탄핵이다크크킥,2025-02-14 00:58:18
0,청주,중공시리,2025-02-14 00:58:19
0,Cherry 90,세상이 달라졌다 ..윤통만이 나라 지킨다,2025-02-14 00:58:19
0,클로마스터,윤석열 탄핵:double_exclamation_mark::double_exclamation_mark::double_exclamation_mark:,2025-02-14 00:58:19
0,Unn Flash,아 웃겨 ㅋㅋㅋㅋㅋㅋㅋㅋㅋㅋㅋㅋㅋㅋㅋ,2025-02-14 00:58:20
0,혜진 정, 대한민국 만세 한미동행 만세!!!,2025-02-14 00:58:22
0,클로마스터,윤석열 탄핵:double_exclamation_mark::double_exclamation_mark::double_exclamation_mark:,2025-02-14 00:58:24
0,잘알랴줌,트럼프가 먼저 카드 쓸까봐... 중국이 선수친거다... 그래서 탄핵은 불발된다.,2025-02-14 00:58:25
0,윤슬25,멸공,2025-02-14 00:58:26
0,성 화,윤카 복귀!!!!,2025-02-14 00:58:26
0,지훈이,아니 좌파 우파 한번 내란 전쟁 해야 될거 같아,2025-02-14 00:58:28
0,이서진,이재명 나가라~~~~~~이쟈명 지지자 나가라~~~~,2025-02-14 00:58:29
0,kkk,발목만 잡는 민주당은 재명이와 함께 이제 끝나락~~~대한민국을 지킵시다.,2025-02-14 00:58:29
0,Unn Flash,웅변대회함? ㅋㅋㅋㅋㅋㅋㅋㅋㅋㅋㅋㅋㅋㅋㅋㅋㅋㅋㅋㅋㅋㅋㅋㅋㅋㅋㅋㅋㅋㅋㅋㅋㅋㅋㅋㅋㅋㅋ,2025-02-14 00:58:30
0,Unn Flash,ㅋㅋㅋㅋㅋㅋㅋㅋㅋㅋㅋㅋㅋㅋㅋㅋㅋㅋㅋㅋㅋㅋㅋㅋㅋㅋㅋㅋㅋㅋㅋㅋㅋㅋㅋㅋㅋㅋㅋㅋㅋㅋㅋㅋㅋㅋㅋㅋㅋㅋㅋ,2025-02-14 00:58:33
0,김사이다,전한길 선생님 너무너무 든든합니다 고맙습니다 감사합니다 나라를 꼭 살려 셔야 합니다. 선생님?:folded_hands::folded_hands::folded_hands::folded_hands::folded_hands:,2025-02-14 00:58:34
0,J C,조심히말해라,2025-02-14 00:58:33
0,성 화,윤카 복귀:double_exclamation_mark::double_exclamation_mark::double_exclamation_mark::double_exclamation_mark::double_exclamation_mark:,2025-02-14 00:58:38
0,클로마스터,윤석열 탄핵:double_exclamation_mark::double_exclamation_mark::double_exclamation_mark:,2025-02-14 00:58:39
0,moonbj577,응원합니다.,2025-02-14 00:58:40
0,잘알랴줌,트럼프가 먼저 카드 쓸까봐... 중국이 선수친거다... 그래서 탄핵은 불발된다.,2025-02-14 00:58:40
0,hee,윤석열 대통령님 힘내세요,2025-02-14 00:58:42
0,윤슬25,멸공 친중박멸,2025-02-14 00:58:45
0,혜진 정,대한민국 자유수호!!! 중국 천안문 자유의꽃,2025-02-14 00:58:45
0,Unn Flash,웅변대회나가도 ㅈ될거 같은데? ㅋㅋㅋㅋㅋㅋㅋㅋㅋㅋㅋㅋㅋㅋㅋㅋㅋㅋㅋㅋㅋㅋㅋㅋㅋㅋㅋㅋㅋㅋ,2025-02-14 00:58:46
0,청주,배급견들 배급받으러 가야쥬,2025-02-14 00:58:46
0,J C,선생님.최고입니다,2025-02-14 00:58:47
0,김준호,윤까까 보유국인대 북에서 처들어올수가 잇을까..,2025-02-14 00:58:47
0,MS,국민들앞에돌아오신다_윤석렬대통님만세,2025-02-14 00:58:48
0,기누설 천,:face-red-droopy-eyes:중국산 재료로 만든음식 매일쳐묵쳐묵하면서 반중 개웃기네:face-green-smiling::face-green-smiling::face-green-smiling::face-green-smiling::face-green-smiling::face-green-smiling::face-green-smiling:,2025-02-14 00:58:48
0,Unn Flash,ㅋㅋㅋㅋㅋㅋㅋㅋㅋㅋㅋㅋㅋㅋㅋㅋㅋㅋㅋㅋㅋㅋㅋㅋㅋㅋㅋㅋㅋㅋㅋㅋㅋㅋㅋㅋㅋㅋㅋㅋ,2025-02-14 00:58:49
0,좌파아웃,사탄아물러가라!!!!,2025-02-14 00:58:49
0,애플,딸딸이행배,2025-02-14 00:58:50
0,hee,응원합니다,2025-02-14 00:58:52
0,혜진 정,중국천안문 기억하라,2025-02-14 00:58:53
0,Unn Flash,아 너무 웃ㅎ긴다 ㅋㅋㅋㅋㅋㅋㅋㅋㅋㅋㅋㅋㅋㅋㅋㅋㅋㅋㅋㅋㅋㅋㅋㅋㅋ,2025-02-14 00:58:55
0,니무라¿,필승,2025-02-14 00:58:56
0,hee,응,2025-02-14 00:58:56
0,유나현,나라를 위해 애쓰셔 주셔서 너무 고맙고 감사합니다,2025-02-14 00:58:57
0,김민수,진짜 모지리들이네 ㅋ 북한언급하는거 보소 군을 국회에 투입한놈들이 나라걱정은 ㅋ,2025-02-14 00:58:57
0,행복한사람,대통령 업무복귀,2025-02-14 00:58:58
0,지훈이,한국 좌파 우파 내란전쟁 가즈아!:elbowcough::elbowcough::elbowcough:,2025-02-14 00:58:58
0,빛고트,@잘알라줌 무식하긴 탄핵불발은 맞고 나머진 소설쓰냐,2025-02-14 00:58:59
0,J C,최고다,2025-02-14 00:59:00
0,클로마스터,윤석열 탄핵:double_exclamation_mark::double_exclamation_mark::double_exclamation_mark:,2025-02-14 00:59:00
0,나라사랑,선관위 서버 까고 국민주권 회복하라,2025-02-14 00:59:01
0,좌파아웃,예수님의사람한길샘,2025-02-14 00:59:01
0,지훈이,한국 좌파 우파 내란전쟁 가즈아!:elbowcough::elbowcough::elbowcough:,2025-02-14 00:59:02
0,기누설 천,노상원을시켜국민을 제주 4.3처럼킬링필드학살하려했는데 윤이억울하게 같혀있다고 선동중?ㅜㅜ뉴스보니 노상원통해 한국판 킬링필드대학살이 일어날뻔했는데 지식이란 사람이 이런윤떡렬을찬양하고 구치소에억울하게같혔다 ? 지식인이란 사람이최고 권력찬양 검찰이 내란우두머리라 기소한 윤을찬양 법치주의무시 윤부부ㆍ불법 ㆍ부패엔침묵 ㅉㅉㅉ,2025-02-14 00:59:02
0,애플,딸딸이행배,2025-02-14 00:59:02
0,윤슬25,중국산 가라,2025-02-14 00:59:04
0,kkk,2030 고맙소. 대한민국을 지키는것 입니다.,2025-02-14 00:59:05
0,빛고트,@잘알라줌 무식하긴 탄핵불발은 맞고 나머진 소설쓰냐,2025-02-14 00:59:06
0,클로마스터,윤석열 탄핵:double_exclamation_mark::double_exclamation_mark::double_exclamation_mark:,2025-02-14 00:59:06
0,기누설 천,노상원을시켜국민을 제주 4.3처럼킬링필드학살하려했는데 윤이억울하게 같혀있다고 선동중?ㅜㅜ뉴스보니 노상원통해 한국판 킬링필드대학살이 일어날뻔했는데 지식이란 사람이 이런윤떡렬을찬양하고 구치소에억울하게같혔다 ? 지식인이란 사람이최고 권력찬양 검찰이 내란우두머리라 기소한 윤을찬양 법치주의무시 윤부부ㆍ불법 ㆍ부패엔침묵 ㅉㅉㅉ,2025-02-14 00:59:07
0,혜진 정,중국 음식 독가루,2025-02-14 00:59:09
0,Unn Flash,아 개웃겨 ㅋㅋㅋㅋㅋㅋㅋㅋㅋㅋㅋㅋㅋㅋㅋㅋㅋㅋㅋㅋㅋㅋㅋㅋㅋㅋㅋㅋㅋㅋ,2025-02-14 00:59:09
0,기누설 천,노상원을시켜국민을 제주 4.3처럼킬링필드학살하려했는데 윤이억울하게 같혀있다고 선동중?ㅜㅜ뉴스보니 노상원통해 한국판 킬링필드대학살이 일어날뻔했는데 지식이란 사람이 이런윤떡렬을찬양하고 구치소에억울하게같혔다 ? 지식인이란 사람이최고 권력찬양 검찰이 내란우두머리라 기소한 윤을찬양 법치주의무시 윤부부ㆍ불법 ㆍ부패엔침묵 ㅉㅉㅉ,2025-02-14 00:59:11
0,hee,한길쌤 힘내세요,2025-02-14 00:59:12
0,little boy “boom” pet,저것들은 김정은이 국짐 대선후보 나와도 찍어줄껄 ,2025-02-14 00:59:13
0,혜진 정,중국은 악의축,2025-02-14 00:59:13
0,Unn Flash,ㅋㅋㅋㅋㅋㅋㅋㅋㅋㅋㅋㅋㅋㅋㅋㅋㅋㅋㅋㅋㅋㅋㅋㅋㅋㅋㅋㅋㅋㅋㅋㅋㅋㅋㅋㅋㅋㅋㅋㅋㅋ,2025-02-14 00:59:16
0,빛고트,@잘알라줌 무식하긴 탄핵불발은 맞고 나머진 소설쓰냐,2025-02-14 00:59:19
0,클로마스터,윤석열 탄핵:double_exclamation_mark::double_exclamation_mark::double_exclamation_mark:,2025-02-14 00:59:19
0,애플,멋져 전샘,2025-02-14 00:59:22
0,잘알랴줌,@빛고크 소설 같은 소리하고 자빠졌네.. 모르면 머리에 지식부터 채워라,2025-02-14 00:59:22
0,혜진 정,중국은 전세계90 다싫어함,2025-02-14 00:59:23
0,지훈이,ㅋㅋㅋㅋㅋ,2025-02-14 00:59:25
0,Mosii Na,ㅋ,2025-02-14 00:59:25
0,김사이다,윤석열 대통령님 힘내세요 우리국들이 끝까지 지켜 드릴 겁니다 매일매일 가슴이 너무 아픕니다 대통령님 김건희 여사님 건강만조심하세요 :folded_hands::folded_hands::folded_hands:,2025-02-14 00:59:25
0,Cherry 90,전한길 최고 최고최고 최고,2025-02-14 00:59:27
0,김봉봉,아직도 종교 검증안하네,2025-02-14 00:59:28
0,박주성,윤통령을 내란죄로 넣었지만 내란죄를 철회해버린 민주인민공화국~~~~,2025-02-14 00:59:28
0,moonbj577,응원:hand-pink-waving::hand-pink-waving::hand-pink-waving::hand-pink-waving::hand-pink-waving::hand-pink-waving:,2025-02-14 00:59:29
0,윤슬25,중국음식 줘도 안 먹어,2025-02-14 00:59:29
0,hee,한길쌤 존경합니다,2025-02-14 00:59:30
0,Unn Flash, 아 궁금해서 와봤는데 웃음벨이네 ㅋㅋㅋㅋㅋㅋㅋㅋㅋㅋㅋㅋㅋㅋㅋㅋㅋㅋㅋㅋㅋㅋㅋㅋㅋㅋㅋㅋㅋㅋ,2025-02-14 00:59:31
0,혜진 정,중국 우한폐렴,2025-02-14 00:59:31
0,잘알랴줌,난 간다~~~,2025-02-14 00:59:34
0,J C,국민변호사님들.존경합니다.민주당ㅈ은.해체하라,2025-02-14 00:59:34
0,기누설 천,:face-red-droopy-eyes::face-purple-crying:언행에 예수님의 증오만가득:face-green-smiling::face-green-smiling::face-green-smiling::face-green-smiling::face-green-smiling::face-green-smiling:,2025-02-14 00:59:35
0,잘알랴줌,안녕~~~~~,2025-02-14 00:59:36
0,지훈이,한국 좌파 우파 내란전쟁 가즈아!:elbowcough::elbowcough::elbowcough:,2025-02-14 00:59:37
0,Unn Flash,아 ㅋㅋ,2025-02-14 00:59:40
0,기누설 천,노상원을시켜국민을 제주 4.3처럼킬링필드학살하려했는데 윤이억울하게 같혀있다고 선동중?ㅜㅜ뉴스보니 노상원통해 한국판 킬링필드대학살이 일어날뻔했는데 지식이란 사람이 이런윤떡렬을찬양하고 구치소에억울하게같혔다 ? 지식인이란 사람이최고 권력찬양 검찰이 내란우두머리라 기소한 윤을찬양 법치주의무시 윤부부ㆍ불법 ㆍ부패엔침묵 ㅉㅉㅉ,2025-02-14 00:59:41
0,지훈이,한국 좌파 우파 내란전쟁 가즈아!:elbowcough::elbowcough::elbowcough:,2025-02-14 00:59:42
0,청주,윤카 윤카 윤카,2025-02-14 00:59:43
0,hee,한길쌤 존경합니다,2025-02-14 00:59:44
0,Unn Flash,진짜 ㅈㄴ 웃긴다 ㅋㅋㅋ,2025-02-14 00:59:44
0,클로마스터,윤석열 탄핵:double_exclamation_mark::double_exclamation_mark::double_exclamation_mark:,2025-02-14 00:59:45
0,기누설 천,노상원을시켜국민을 제주 4.3처럼킬링필드학살하려했는데 윤이억울하게 같혀있다고 선동중?ㅜㅜ뉴스보니 노상원통해 한국판 킬링필드대학살이 일어날뻔했는데 지식이란 사람이 이런윤떡렬을찬양하고 구치소에억울하게같혔다 ? 지식인이란 사람이최고 권력찬양 검찰이 내란우두머리라 기소한 윤을찬양 법치주의무시 윤부부ㆍ불법 ㆍ부패엔침묵 ㅉㅉㅉ,2025-02-14 00:59:45
0,서해,크크킥 마스타 고발한다,2025-02-14 00:59:45
0,클로마스터,윤석열 탄핵:double_exclamation_mark::double_exclamation_mark::double_exclamation_mark:,2025-02-14 00:59:46
0,김봉봉,야,2025-02-14 00:59:47
0,김민수,목소리크면 장땡인줄아는 극우들 ㅋ,2025-02-14 00:59:47
0,애플,간첩,2025-02-14 00:59:48
0,클로마스터,윤석열 탄핵:double_exclamation_mark::double_exclamation_mark::double_exclamation_mark:,2025-02-14 00:59:49
0,혜진 정,중국음시구토나와 윀,2025-02-14 00:59:50
0,김봉봉,종교검증하라고,2025-02-14 00:59:50
0,나라사랑,부정선거 주권 찬탈,2025-02-14 00:59:50
0,Cherry 90,잔한길 보내주신 하나님께 감사드립니다,2025-02-14 00:59:51
0,Unn Flash,아 개웃다 감니다 ㅋㅋㅋㅋㅋㅋㅋㅋㅋㅋㅋ,2025-02-14 00:59:53
0,hee,윤대통령님 사랑합니다,2025-02-14 00:59:54
0,희야,윤석열대통령님,2025-02-14 00:59:55
0,클로마스터,윤석열 탄핵:double_exclamation_mark::double_exclamation_mark::double_exclamation_mark:,2025-02-14 00:59:55
0,애플,간처 민주,2025-02-14 00:59:58
0,클로마스터,윤석열 탄핵:double_exclamation_mark::double_exclamation_mark::double_exclamation_mark:,2025-02-14 01:00:00
0,기누설 천,노상원을시켜국민을 제주 4.3처럼킬링필드학살하려했는데 윤이억울하게 같혀있다고 선동중?ㅜㅜ뉴스보니 노상원통해 한국판 킬링필드대학살이 일어날뻔했는데 지식이란 사람이 이런윤떡렬을찬양하고 구치소에억울하게같혔다 ? 지식인이란 사람이최고 권력찬양 검찰이 내란우두머리라 기소한 윤을찬양 법치주의무시 윤부부ㆍ불법 ㆍ부패엔침묵 ㅉㅉㅉ,2025-02-14 01:00:00
0,주숙 박,윤석열 탄핵,2025-02-14 01:00:01
0,hee,윤대통령님 힘내세요,2025-02-14 01:00:01
0,지훈이,한국 좌파 우파 내란전쟁 가즈아!:elbowcough::elbowcough::elbowcough:,2025-02-14 01:00:02
0,혜진 정,중국은 악의축,2025-02-14 01:00:03
0,기누설 천,노상원을시켜국민을 제주 4.3처럼킬링필드학살하려했는데 윤이억울하게 같혀있다고 선동중?ㅜㅜ뉴스보니 노상원통해 한국판 킬링필드대학살이 일어날뻔했는데 지식이란 사람이 이런윤떡렬을찬양하고 구치소에억울하게같혔다 ? 지식인이란 사람이최고 권력찬양 검찰이 내란우두머리라 기소한 윤을찬양 법치주의무시 윤부부ㆍ불법 ㆍ부패엔침묵 ㅉㅉㅉ,2025-02-14 01:00:03
0,주숙 박,배신자 윤석열 탄핵,2025-02-14 01:00:06
0,기누설 천,노상원을시켜국민을 제주 4.3처럼킬링필드학살하려했는데 윤이억울하게 같혀있다고 선동중?ㅜㅜ뉴스보니 노상원통해 한국판 킬링필드대학살이 일어날뻔했는데 지식이란 사람이 이런윤떡렬을찬양하고 구치소에억울하게같혔다 ? 지식인이란 사람이최고 권력찬양 검찰이 내란우두머리라 기소한 윤을찬양 법치주의무시 윤부부ㆍ불법 ㆍ부패엔침묵 ㅉㅉㅉ,2025-02-14 01:00:06
0,클로마스터,윤석열 탄핵:double_exclamation_mark::double_exclamation_mark::double_exclamation_mark:,2025-02-14 01:00:07
0,hee,윤대통령님 힘내세요,2025-02-14 01:00:08
0,주진리 주자유 주권능,멸공 멸공 멸공 필승 필승 필승,2025-02-14 01:00:08
0,jagjbe,윤석열대통령님 김건희여사님 건강하십쇼,2025-02-14 01:00:12
0,혜진 정,중국은 갈기갈기 찢길것임,2025-02-14 01:00:12
0,클로마스터,윤석열 탄핵:double_exclamation_mark::double_exclamation_mark::double_exclamation_mark:,2025-02-14 01:00:12
0,Unn Flash,아 개웃긴다 진짜 ㅋㅋㅋㅋㅋㅋㅋㅋㅋㅋㅋㅋㅋㅋㅋㅋㅋㅋㅋㅋㅋㅋㅋㅋㅋㅋㅋ,2025-02-14 01:00:12
0,Cherry 90,전한길 윤대통령과 똑같이ㅈ의리있는 남자,2025-02-14 01:00:13
0,주숙 박,발악한다,2025-02-14 01:00:14
0,Ccc,hee 니엄마,2025-02-14 01:00:15
0,혜진 정,중국은 다시러함,2025-02-14 01:00:18
0,hee,윤대통령님 힘내세요,2025-02-14 01:00:18
0,클로마스터,윤석열 탄핵:double_exclamation_mark::double_exclamation_mark::double_exclamation_mark:,2025-02-14 01:00:19
0,행복한사람,대통령님 꼭복귀하셨어 이나라바로세우세요,2025-02-14 01:00:19
0,MS,국민은.국산 국산애용자,2025-02-14 01:00:20
0,Unn Flash,진짜 이게 뭔데 ? ㅋㅋㅋ,2025-02-14 01:00:21
0,김봉봉,전한길하나 데려와서 깝치네,2025-02-14 01:00:21
0,little boy “boom” pet,국짐 사이비 공산당 라뷰 2찍 세뇌현장을 여러분은 보고 계십니다 ,2025-02-14 01:00:22
0,기누설 천,노상원을시켜국민을 제주 4.3처럼킬링필드학살하려했는데 윤이억울하게 같혀있다고 선동중?ㅜㅜ뉴스보니 노상원통해 한국판 킬링필드대학살이 일어날뻔했는데 지식이란 사람이 이런윤떡렬을찬양하고 구치소에억울하게같혔다 ? 지식인이란 사람이최고 권력찬양 검찰이 내란우두머리라 기소한 윤을찬양 법치주의무시 윤부부ㆍ불법 ㆍ부패엔침묵 ㅉㅉㅉ,2025-02-14 01:00:21
0,Cherry 90,애국자 전한길,2025-02-14 01:00:22
0,summer haze,윤석열 대통령을 당장 내놔라!!!!!!!!!!,2025-02-14 01:00:22
0,klop,힘드러,2025-02-14 01:00:24
0,기누설 천,노상원을시켜국민을 제주 4.3처럼킬링필드학살하려했는데 윤이억울하게 같혀있다고 선동중?ㅜㅜ뉴스보니 노상원통해 한국판 킬링필드대학살이 일어날뻔했는데 지식이란 사람이 이런윤떡렬을찬양하고 구치소에억울하게같혔다 ? 지식인이란 사람이최고 권력찬양 검찰이 내란우두머리라 기소한 윤을찬양 법치주의무시 윤부부ㆍ불법 ㆍ부패엔침묵 ㅉㅉㅉ,2025-02-14 01:00:25
0,니무라¿,고발당,2025-02-14 01:00:27
0,기누설 천,노상원을시켜국민을 제주 4.3처럼킬링필드학살하려했는데 윤이억울하게 같혀있다고 선동중?ㅜㅜ뉴스보니 노상원통해 한국판 킬링필드대학살이 일어날뻔했는데 지식이란 사람이 이런윤떡렬을찬양하고 구치소에억울하게같혔다 ? 지식인이란 사람이최고 권력찬양 검찰이 내란우두머리라 기소한 윤을찬양 법치주의무시 윤부부ㆍ불법 ㆍ부패엔침묵 ㅉㅉㅉ,2025-02-14 01:00:28
0,moonbj577,:hand-pink-waving::hand-pink-waving::hand-pink-waving::hand-pink-waving::hand-pink-waving::hand-pink-waving::hand-pink-waving:,2025-02-14 01:00:28
0,김석진,전한길씨 대통령 중임제 야당과 협의 하라고 하는데그전에 했던말 부정선거로 당선된 사람들 뱃지 반납이 우선 아닌가요?대통령중임제 뒤에 숨겨진 내각제는친중세력들이 잠식된 국회가 우리나라를 지배하는 정치입니다우리나라 중국같이 못사는 나라로 베네수웰라 직행버스를 태울려고 하는겁니다국민여러분 상식선에서 보시면 천사의 탈을 쓴 사탄이 누군지 보일겁니다.,2025-02-14 01:00:30
0,hee,응원합니다,2025-02-14 01:00:32
0,지훈이,ㅋㅋㅋㅋㅋ 웃겨,2025-02-14 01:00:32
0,주숙 박,배신자 윤석열 탄핵,2025-02-14 01:00:33
0,혜진 정,중국은 하나님이 벌하심,2025-02-14 01:00:33
0,Unn Flash,전한길이 개 웃긴다 진짜 ㅋㅋㅋㅋㅋㅋㅋㅋㅋㅋㅋㅋㅋㅋㅋㅋㅋㅋㅋㅋㅋㅋㅋㅋㅋㅋㅋㅋ,2025-02-14 01:00:33
0,기누설 천,노상원을시켜국민을 제주 4.3처럼킬링필드학살하려했는데 윤이억울하게 같혀있다고 선동중?ㅜㅜ뉴스보니 노상원통해 한국판 킬링필드대학살이 일어날뻔했는데 지식이란 사람이 이런윤떡렬을찬양하고 구치소에억울하게같혔다 ? 지식인이란 사람이최고 권력찬양 검찰이 내란우두머리라 기소한 윤을찬양 법치주의무시 윤부부ㆍ불법 ㆍ부패엔침묵 ㅉㅉㅉ,2025-02-14 01:00:33
0,민희 김,모든것을 먼저 알고 계시고 더심각하게 여기시고 이런정치를믿고 이끌어가시지 못해서 얼마나 힘드셨을까 그놈들이 국민을 속이고 지금까지 혈세를 빨아먹는 거머리보다더못한것들 조작믄 저거들끼리 만들어서 죄에죄를더 짓는것을눈도깜짝않고 휴전선에서 우리나라 죄도없는 국민을 불태워서 불질러 죽이고 북한을위한 충성을받치는죄인들 물리쳐야 합니다 지구를떠나게 합시다,2025-02-14 01:00:34
0,김봉봉,손들어봐,2025-02-14 01:00:35
0,밤톨,윤석열 복귀!!!!!:hand-pink-waving::hand-pink-waving::hand-pink-waving::hand-pink-waving:,2025-02-14 01:00:36
0,hee,응원합니다,2025-02-14 01:00:36
0,기누설 천,노상원을시켜국민을 제주 4.3처럼킬링필드학살하려했는데 윤이억울하게 같혀있다고 선동중?ㅜㅜ뉴스보니 노상원통해 한국판 킬링필드대학살이 일어날뻔했는데 지식이란 사람이 이런윤떡렬을찬양하고 구치소에억울하게같혔다 ? 지식인이란 사람이최고 권력찬양 검찰이 내란우두머리라 기소한 윤을찬양 법치주의무시 윤부부ㆍ불법 ㆍ부패엔침묵 ㅉㅉㅉ,2025-02-14 01:00:37
0,김명화,전한길 화이팅 ! 대통령석방,2025-02-14 01:00:37
0,Unn Flash,아 웃겨 ㅋㅋㅋㅋㅋㅋㅋㅋㅋㅋㅋㅋㅋ,2025-02-14 01:00:38
0,hee,응원합니다,2025-02-14 01:00:40
0,희야,윤대통령님복귀시켜라 전한길선생님 화이팅!!!,2025-02-14 01:00:40
0,기누설 천,노상원을시켜국민을 제주 4.3처럼킬링필드학살하려했는데 윤이억울하게 같혀있다고 선동중?ㅜㅜ뉴스보니 노상원통해 한국판 킬링필드대학살이 일어날뻔했는데 지식이란 사람이 이런윤떡렬을찬양하고 구치소에억울하게같혔다 ? 지식인이란 사람이최고 권력찬양 검찰이 내란우두머리라 기소한 윤을찬양 법치주의무시 윤부부ㆍ불법 ㆍ부패엔침묵 ㅉㅉㅉ,2025-02-14 01:00:41
0,마크 마스터,윤석열 탄핵:double_exclamation_mark::double_exclamation_mark::double_exclamation_mark:,2025-02-14 01:00:41
0,주숙 박,윤통 탄핵,2025-02-14 01:00:42
0,hee,응원합니다,2025-02-14 01:00:43
0,혜진 정,중국은 갈기갈기 찢겨야함,2025-02-14 01:00:44
0,기누설 천,노상원을시켜국민을 제주 4.3처럼킬링필드학살하려했는데 윤이억울하게 같혀있다고 선동중?ㅜㅜ뉴스보니 노상원통해 한국판 킬링필드대학살이 일어날뻔했는데 지식이란 사람이 이런윤떡렬을찬양하고 구치소에억울하게같혔다 ? 지식인이란 사람이최고 권력찬양 검찰이 내란우두머리라 기소한 윤을찬양 법치주의무시 윤부부ㆍ불법 ㆍ부패엔침묵 ㅉㅉㅉ,2025-02-14 01:00:44
0,주진리 주자유 주권능,대통령 석방 복귀 대통령 석방 복귀 대통령 석방 복귀,2025-02-14 01:00:45
0,hee,응원합니다,2025-02-14 01:00:47
0,Mosii Na,씬나는 내부 싸움 ,2025-02-14 01:00:48
0,김준호,극우는 탄핵 찾을때가 아니구 김문숩니다 밀을때 아닌가..,2025-02-14 01:00:48
0,김봉봉,사이비도 네임드가있는거야,2025-02-14 01:00:49
0,박희락,윤석열 망했네 현실도,2025-02-14 01:00:50
0,지훈이,한국 좌파 우파 내란전쟁 가즈아!:elbowcough::elbowcough::elbowcough:,2025-02-14 01:00:50
0,기누설 천,노상원을시켜국민을 제주 4.3처럼킬링필드학살하려했는데 윤이억울하게 같혀있다고 선동중?ㅜㅜ뉴스보니 노상원통해 한국판 킬링필드대학살이 일어날뻔했는데 지식이란 사람이 이런윤떡렬을찬양하고 구치소에억울하게같혔다 ? 지식인이란 사람이최고 권력찬양 검찰이 내란우두머리라 기소한 윤을찬양 법치주의무시 윤부부ㆍ불법 ㆍ부패엔침묵 ㅉㅉㅉ,2025-02-14 01:00:52
0,박희락,윤석열 망했네 현실도,2025-02-14 01:00:53
0,김봉봉,사이비도 계급이있다고,2025-02-14 01:00:53
0,마크 마스터,윤석열 탄핵:double_exclamation_mark::double_exclamation_mark::double_exclamation_mark:,2025-02-14 01:00:55
0,hee,화이팅,2025-02-14 01:00:55
0,박희락,윤석열 망했네 현실도 못보는,2025-02-14 01:00:55
0,청주,부럽쥬 한길쌤있는 우리가,2025-02-14 01:00:58
0,klop,민주당을 없에자,2025-02-14 01:00:58
0,행복한사람,대한민국 윤대통령 전한길쌤 만세,2025-02-14 01:00:58
0,박희락,윤석열 망했네 현실도 못보는 것 같아 ㅋㅋ ㅋㅋㅋ ㅋㅋㅋ ㅋㅋ ㅋㅋ ㅋㅋㅋ ㅋㅋㅋ ㅋㅋ,2025-02-14 01:00:59
0,지훈이,한국 좌파 우파 내란전쟁 가즈아!:elbowcough::elbowcough::elbowcough:,2025-02-14 01:01:00
0,기누설 천,노상원을시켜국민을 제주 4.3처럼킬링필드학살하려했는데 윤이억울하게 같혀있다고 선동중?ㅜㅜ뉴스보니 노상원통해 한국판 킬링필드대학살이 일어날뻔했는데 지식이란 사람이 이런윤떡렬을찬양하고 구치소에억울하게같혔다 ? 지식인이란 사람이최고 권력찬양 검찰이 내란우두머리라 기소한 윤을찬양 법치주의무시 윤부부ㆍ불법 ㆍ부패엔침묵 ㅉㅉㅉ,2025-02-14 01:01:00
0,hee,힘내세요,2025-02-14 01:01:00
0,Unn Flash,진짜 왤케 찐따같냐 ㅋㅋㅋㅋㅋㅋㅋㅋㅋㅋㅋㅋㅋㅋㅋㅋㅋㅋㅋㅋㅋㅋㅋㅋㅋㅋㅋㅋㅋㅋㅋㅋㅋㅋㅋㅋㅋㅋㅋ,2025-02-14 01:01:00
0,박희락,윤석열 망했네 현실도 못보는 것 같아 ㅋㅋ,2025-02-14 01:01:03
0,기누설 천,노상원을시켜국민을 제주 4.3처럼킬링필드학살하려했는데 윤이억울하게 같혀있다고 선동중?ㅜㅜ뉴스보니 노상원통해 한국판 킬링필드대학살이 일어날뻔했는데 지식이란 사람이 이런윤떡렬을찬양하고 구치소에억울하게같혔다 ? 지식인이란 사람이최고 권력찬양 검찰이 내란우두머리라 기소한 윤을찬양 법치주의무시 윤부부ㆍ불법 ㆍ부패엔침묵 ㅉㅉㅉ,2025-02-14 01:01:03
0,마크 마스터,윤석열 탄핵:double_exclamation_mark::double_exclamation_mark::double_exclamation_mark:,2025-02-14 01:01:04
0,주숙 박,발악을한다,2025-02-14 01:01:04
0,밤톨,윤석열 복귀:face-blue-smiling::face-blue-smiling::face-blue-smiling::face-blue-smiling::face-blue-smiling:,2025-02-14 01:01:05
0,나라사랑,국민의 대통령 국민곁으로,2025-02-14 01:01:05
0,Unn Flash,개 찐따 같지 않음? ㅋㅋㅋㅋㅋㅋㅋㅋㅋㅋㅋㅋㅋㅋㅋㅋㅋㅋㅋㅋㅋㅋㅋㅋㅋㅋㅋ,2025-02-14 01:01:07
0,박희락,윤석열 망했네 현실도 못보는 것 같아 ㅋㅋ ㅋㅋㅋ,2025-02-14 01:01:08
0,hee,윤석열 복귀합니다,2025-02-14 01:01:10
0,마크 마스터,윤석열 탄핵:double_exclamation_mark::double_exclamation_mark::double_exclamation_mark:,2025-02-14 01:01:11
0,kkk,정권 한번더 잡고 오십팔 유공자 가짜를 잡아 냅시다.,2025-02-14 01:01:11
0,J C,더불당은.역시.발단.정확하네.민주당.해체하라,2025-02-14 01:01:13
0,김봉봉,위대한 전광훈한테 깝치냐고,2025-02-14 01:01:13
0,little boy “boom” pet,"세뇌가 잘되는 2종 : 북한주민 , 2찍극우 ",2025-02-14 01:01:15
0,혜진 정,중국은 망했다지금 경제폭마윸ㅋㅋㅋㅋ,2025-02-14 01:01:15
0,Unn Flash,아 ㅈㄴ 웃긴다 ㅋㅋㅋㅋㅋㅋㅋㅋㅋㅋㅋㅋㅋㅋㅋㅋㅋㅋㅋㅋㅋㅋㅋㅋㅋㅋㅋㅋㅋㅋㅋㅋ,2025-02-14 01:01:15
0,박희락,윤석열 망했네 현실도 못보는 것 같아 ㅋㅋ ㅋㅋㅋ ㅋㅋㅋ ㅋㅋ ㅋㅋ ㅋㅋㅋ ㅋㅋㅋ ㅋㅋ,2025-02-14 01:01:15
0,마크 마스터,윤석열 탄핵:double_exclamation_mark::double_exclamation_mark::double_exclamation_mark:,2025-02-14 01:01:15
0,성 화,찢짜이밍 끝났따 ㅋㅋㅋ,2025-02-14 01:01:16
0,주숙 박,배신자 윤석열 탄핵,2025-02-14 01:01:17
0,윤슬25,부럽지?,2025-02-14 01:01:17
0,박희락,윤석열 망했네 현실도,2025-02-14 01:01:18
0,Ccc,hee닥쳐 집에서 제육이나 볶아,2025-02-14 01:01:18
0,혜진 정,중국경제 폭망 ㅋㅋㅋㅋㅋ,2025-02-14 01:01:21
0,박희락,윤석열 망했네 현실도 못보는,2025-02-14 01:01:22
0,마크 마스터,윤석열 탄핵:double_exclamation_mark::double_exclamation_mark::double_exclamation_mark:,2025-02-14 01:01:23
0,Unn Flash,개찐따가 따로없네 ㅋㅋㅋㅋㅋㅋㅋㅋㅋㅋㅋㅋㅋㅋㅋㅋㅋㅋㅋㅋㅋㅋㅋㅋㅋㅋㅋㅋㅋㅋㅋ,2025-02-14 01:01:23
0,MS,우리대통령당장돌러보내라 찍찍명,2025-02-14 01:01:24
0,김봉봉,종교검증해보자,2025-02-14 01:01:24
0,hee,윤석열 복귀합니다,2025-02-14 01:01:24
0,박희락,윤석열 망했네 현실도 못보는,2025-02-14 01:01:28
0,Unn Flash,아 ~~~~~~,2025-02-14 01:01:30
0,마크 마스터,윤석열 탄핵:double_exclamation_mark::double_exclamation_mark::double_exclamation_mark:,2025-02-14 01:01:30
0,숙희 김,대통령복귀하지못하면부 정선거도끝이고 이나라는 중국이 먹을것이다,2025-02-14 01:01:30
0,지훈이,한국 좌파 우파 내란전쟁 가즈아!:elbowcough::elbowcough::elbowcough:,2025-02-14 01:01:31
0,혜진 정,시진핑 내부분열중,2025-02-14 01:01:31
0,기숙 신,애국자 애국자 애국자. 전한길,2025-02-14 01:01:31
0,박희락,윤석열 망했네 현실도 못보는 것 같아 ㅋㅋ ㅋㅋㅋ ㅋㅋㅋ ㅋㅋ ㅋㅋ ㅋㅋㅋ,2025-02-14 01:01:31
0,니무라¿,투표하면 안된다,2025-02-14 01:01:32
0,Unn Flash,웃음벨이다 진짜 ㅋㅋㅋ,2025-02-14 01:01:33
0,마크 마스터,윤석열 탄핵:double_exclamation_mark::double_exclamation_mark::double_exclamation_mark:,2025-02-14 01:01:34
0,청주,니가 찐따~~~,2025-02-14 01:01:35
0,성 화,찢짜이밍이 기대고있는 시진핑도 2인자한테 밀리게 생겼고 ㅋㅋㅋㅋ,2025-02-14 01:01:35
0,Mosii Na,타진요와 다를바가 없다 이말이지,2025-02-14 01:01:36
0,김봉봉,없냐?,2025-02-14 01:01:38
0,박희락,레이디버그 시즌5 6화 나 지금 집 가는 중 가장 큰 이유 없이 잘 모르는데 왜 잡힌곳에서 부수고 있는 부자도 안 되는 것 같아 ㅋㅋ ㅋㅋㅋ ㅋㅋㅋ ㅋㅋ ㅋㅋ,2025-02-14 01:01:41
0,마크 마스터,윤석열 탄핵:double_exclamation_mark::double_exclamation_mark::double_exclamation_mark:,2025-02-14 01:01:41
0,김봉봉,존나 아닥하고있네,2025-02-14 01:01:43
0,김봉봉,긁혔냐,2025-02-14 01:01:44
0,박희락,윤석열 망했네 현실도 못보는 것 같아 ㅋㅋ ㅋㅋㅋ ㅋㅋㅋ ㅋㅋ ㅋㅋ ㅋㅋㅋ,2025-02-14 01:01:44
0,혜진 정,중국 지진나사 초토호됨,2025-02-14 01:01:45
0,마크 마스터,윤석열 탄핵:double_exclamation_mark::double_exclamation_mark::double_exclamation_mark:,2025-02-14 01:01:45
0,박희락,윤석열 망했네 현실도 못보는 것 같아 ㅋㅋ ㅋㅋㅋ ㅋㅋㅋ ㅋㅋ ㅋㅋ,2025-02-14 01:01:48
0,little boy “boom” pet,오염수 한잔하고 ,2025-02-14 01:01:49
0,hee,하나님 선핫빈,2025-02-14 01:01:49
0,마크 마스터,윤석열 탄핵:double_exclamation_mark::double_exclamation_mark::double_exclamation_mark:,2025-02-14 01:01:51
0,박희락,윤석열 망했네 현실도 못보는 것 같아 ㅋㅋ ㅋㅋㅋ ㅋㅋㅋ ㅋㅋ ㅋㅋ ㅋㅋㅋ ㅋㅋㅋ ㅋㅋ,2025-02-14 01:01:52
0,진주,탄핵반대,2025-02-14 01:01:53
0,윤슬25,탄찬은 없나?,2025-02-14 01:01:54
0,J C,"마크마스트,조심해라",2025-02-14 01:01:55
0,마크 마스터,윤석열 탄핵:double_exclamation_mark::double_exclamation_mark::double_exclamation_mark:,2025-02-14 01:01:58
0,김명화,대통령 석방하라,2025-02-14 01:01:58
0,박희락,윤석열 망했네 현실도 못보는 것 같아 ㅋㅋ ㅋㅋㅋ,2025-02-14 01:01:58
0,니무라¿,나라를위한 인간이 있어야된다,2025-02-14 01:02:00
0,마크 마스터,윤석열 탄핵:double_exclamation_mark::double_exclamation_mark::double_exclamation_mark:,2025-02-14 01:02:02
0,박희락,윤석열 망했네 현실도 못보는 것 같아 ㅋㅋ ㅋㅋㅋ ㅋㅋㅋ ㅋㅋ ㅋㅋ ㅋㅋㅋ ㅋㅋㅋ ㅋㅋ,2025-02-14 01:02:02
0,hee,하사님 선한길로 인도해 주세요,2025-02-14 01:02:02
0,마크 마스터,윤석열 탄핵:double_exclamation_mark::double_exclamation_mark::double_exclamation_mark:,2025-02-14 01:02:06
0,행복한사람,이시국을바로못보는 불쌍한사람들 안타깝다 대통령님 꼭승리할겁니다,2025-02-14 01:02:06
0,김봉봉,집회나가서 종교 존나 물어보고싶다 카메라키고,2025-02-14 01:02:06
0,Unn Flash,ㅋㅋㅋㅋㅋㅋㅋㅋㅋㅋㅋㅋㅋㅋㅋㅋㅋㅋㅋㅋㅋㅋㅋㅋㅋㅋㅋㅋㅋㅋㅋ,2025-02-14 01:02:07
0,혜진 정,중국은 자연재해로 폭망할것암,2025-02-14 01:02:07
0,공명후손,대통령석방하라 문형배 자격미달,2025-02-14 01:02:07
0,extri13,민주주의 만세 :hand_with_fingers_splayed::raised_back_of_hand:,2025-02-14 01:02:08
0,김남숙,윤대통령탄핵반대다,2025-02-14 01:02:09
0,extri13,민주주의 만세 :hand_with_fingers_splayed::raised_back_of_hand:,2025-02-14 01:02:11
0,혜진 정,중국경제 폭망,2025-02-14 01:02:12
0,천지개벽,채널A 극우 알바들 퇴근 많이했네.,2025-02-14 01:02:13
0,J C,대통령석방하라,2025-02-14 01:02:13
0,청주,오타많은 중공군,2025-02-14 01:02:13
0,Dong Keun Kim,"문형배, 이미선 탄핵... 너희들은 양심의 가책 양아치~~ 유럽 정치학자들의 말씀¡ 오늘도 Walton- on-thames River 에서 산책하면서 대화 한 story~○",2025-02-14 01:02:16
0,extri13,민주주의 만세 :hand_with_fingers_splayed::raised_back_of_hand:,2025-02-14 01:02:15
0,권순이,윤석열대통령님 힘내세요,2025-02-14 01:02:17
0,Unn Flash,님들아 안웃김? ㅋㅋㅋㅋㅋㅋㅋㅋㅋㅋㅋㅋㅋㅋㅋㅋㅋㅋㅋㅋㅋㅋㅋㅋㅋㅋㅋㅋㅋㅋㅋ,2025-02-14 01:02:17
0,hee,대통령 만세,2025-02-14 01:02:20
0,extri13,민주주의 만세 :hand_with_fingers_splayed::raised_back_of_hand:,2025-02-14 01:02:21
0,Unn Flash,전한길 ㅈㄴ 웃긴데 ㅋㅋㅋㅋㅋㅋㅋㅋㅋㅋㅋㅋㅋㅋㅋㅋㅋㅋㅋㅋㅋㅋㅋㅋㅋㅋㅋㅋㅋㅋㅋㅋㅋㅋ,2025-02-14 01:02:21
0,크크킥,윤석열 탄핵:double_exclamation_mark::double_exclamation_mark::double_exclamation_mark:,2025-02-14 01:02:23
0,주진리 주자유 주권능,멸공 멸공 멸공 필승 필승 필승,2025-02-14 01:02:25
0,청주,윤카 윤카 윤카,2025-02-14 01:02:28
0,extri13,민주주의 만세 :hand_with_fingers_splayed::raised_back_of_hand:,2025-02-14 01:02:29
0,성 화,아직도 1찍 25만원 기본소득 배급견들이 많네 ㅋㅋ 25만원 못받을까봐 덜덜덜 강아지마냥 떨고있쥬?ㅋㅋㅋ,2025-02-14 01:02:30
0,크크킥,윤석열 탄핵:double_exclamation_mark::double_exclamation_mark::double_exclamation_mark:,2025-02-14 01:02:30
0,park joohan,아직도 생방송중인가요?,2025-02-14 01:02:31
0,엄G척,에그 아직두 이러구 있네 탁핵이답이다,2025-02-14 01:02:31
0,김남숙,자유민주주의다,2025-02-14 01:02:31
0,hee,대통령 만세,2025-02-14 01:02:33
0,권숙 오,윤석열기각 기각 기각,2025-02-14 01:02:34
0,J C,탄핵반대.석방하라대통령,2025-02-14 01:02:35
0,장경애,정당한 사람 해치고 온전할수 없다♡국민의 민심이 이정도면. 이쯤 되면 이제 묻지도 따지지도 말고 석방과 원상복귀시켜야 나라가 나라다. 근데 입이 백개라도 할말을 하면 안됨.대통령을 만만때때하게 보면. 천벌을 받는다. 알겠지 더불어민주당외 좌익세력들 그리고 더이상 그 누구에게도 고발권한은 잃었다:red_heart:더이상 멋대로 의사봉방망이함부로 두드리지마이자식들아♡,2025-02-14 01:02:37
0,크크킥,윤석열 탄핵:double_exclamation_mark::double_exclamation_mark::double_exclamation_mark:,2025-02-14 01:02:38
0,Unn Flash,아 ~ 왤케 웃기냐 ㅋㅋㅋㅋㅋㅋㅋㅋㅋㅋㅋㅋㅋㅋㅋㅋㅋㅋㅋㅋㅋㅋㅋㅋㅋㅋㅋㅋㅋㅋㅋㅋㅋㅋㅋㅋㅋ,2025-02-14 01:02:38
0,extri13,민주주의 만세 :hand_with_fingers_splayed::raised_back_of_hand:,2025-02-14 01:02:39
0,성 화,아직도 1찍 25만원 기본소득 배급견들이 많네 ㅋㅋ 25만원 못받을까봐 덜덜덜 강아지마냥 떨고있쥬?ㅋㅋㅋ,2025-02-14 01:02:40
0,혜진 정,시진핑이랑 군서열1위 내부분열중!!ㅋㅋㅋㅋ,2025-02-14 01:02:41
0,크크킥,윤석열 탄핵:double_exclamation_mark::double_exclamation_mark::double_exclamation_mark:,2025-02-14 01:02:43
0,니무라¿,자유민주주의 만세이,2025-02-14 01:02:46
0,주진리 주자유 주권능,대통령 석방 복귀 대통령 석방 복귀 대통령 석방 복귀,2025-02-14 01:02:47
0,나라사랑,부정선거 주권찬탈,2025-02-14 01:02:47
0,Anna,무력으로 지배하는 리더는 무능한 리더다,2025-02-14 01:02:48
0,김명화,민주당과 싸우자,2025-02-14 01:02:48
0,혜진 정,시진핑이랑 군서열1위 내부분열중!!ㅋㅋㅋㅋ,2025-02-14 01:02:49
0,hjw winner,전한길 = 제2의 이순신,2025-02-14 01:02:49
0,임성옥,재명이지지자.나가라,2025-02-14 01:02:49
0,크크킥,윤석열 탄핵:double_exclamation_mark::double_exclamation_mark::double_exclamation_mark:,2025-02-14 01:02:50
0,extri13,민주주의 만세 :hand_with_fingers_splayed::raised_back_of_hand:,2025-02-14 01:02:51
0,기숙 신,윤석열 만세,2025-02-14 01:02:53
0,little boy “boom” pet,의료대란에서 살아남은 틀닥들 이제 세뇌시켜 무슨일을 벌이려나 ,2025-02-14 01:02:56
0,extri13,민주주의 만세 :hand_with_fingers_splayed::raised_back_of_hand:,2025-02-14 01:02:56
0,니무라¿,전한길,2025-02-14 01:02:57
0,크크킥,윤석열 탄핵:double_exclamation_mark::double_exclamation_mark::double_exclamation_mark:,2025-02-14 01:02:58
0,MS,썩어빠진정치하지고당장내러오라~그가말고,2025-02-14 01:02:58
0,장경애,더불어민주당은 절대 해체가 답이다,2025-02-14 01:02:59
0,박희락,전한길 비참하네 인생은 망했네,2025-02-14 01:02:59
0,김세아,와저라노 식구들속타건네,2025-02-14 01:02:59
0,크크킥,윤석열 탄핵:double_exclamation_mark::double_exclamation_mark::double_exclamation_mark:,2025-02-14 01:03:03
